Model,rmse,mae,r2,nasa_score
LSTM,14.201516105415745,10.634713172912598,0.8744086027145386,376.5890808105469
Mean Baseline,40.42330490078171,35.174190521240234,-0.01754581928253174,16915.98828125
Linear Regression,20.659761599404458,16.415137906495545,0.7342086135100019,1077.2321176920627
Random Forest,17.44376874416764,12.3342,0.8105167032772007,1085.0410640654463
